<!-- WordShark 1.0 -->
<!-- Difficulty Level: Crazy -->

<Config>
	<!-- Default settings -->
	<Default>
		<DiverSpeed>	1	</DiverSpeed>
		<TimeDelay>		50	</TimeDelay>
		<KnockBack>		5	</KnockBack>
		<TreasureSecs>	30	</TreasureSecs>		
		<MinSpeed>		1.3	</MinSpeed>
		<MaxSpeed>		1.5	</MaxSpeed>
		<MinDiff>		4	</MinDiff>
		<MaxDiff>		7	</MaxDiff>
		<MapDelay>		250 </MapDelay> 
  		<MinCol>		5	</MinCol> 
  		<MaxCol>		6	</MaxCol> 
  		<LetterDelay>	200 </LetterDelay>
		<MinEndDiff>	15	</MinEndDiff>
		<MaxEndDiff>	35	</MaxEndDiff>
		<NumForPenalty> 1	</NumForPenalty>
		<PenaltySpeed>	1.8 </PenaltySpeed>
	</Default>
	
								<!-- LEVEL 1 -->
	<Level LevelNum = "1">		
		<!-- We don't want penalty piranhas until level 3 -->
		<NumForPenalty>		65535	</NumForPenalty>
		<PenaltySpeed>		0.0		</PenaltySpeed>
		
		<Wave WaveNum = "1" Type = "Sharks">
			<Enemy Type = "Blue">
				<MinNumber>7</MinNumber>
				<MaxNumber>10</MaxNumber>
			</Enemy>
		</Wave>
				
		<Wave WaveNum = "2" Type = "Sharks">
			<Enemy Type = "Blue">
				<MinNumber>7</MinNumber>
				<MaxNumber>14</MaxNumber>
			</Enemy>
		</Wave>		
	</Level>
								<!-- LEVEL 2 -->
	<Level LevelNum = "2">
		<!-- We don't want penalty piranhas until level 3 -->
		<NumForPenalty>		65535	</NumForPenalty>
		<PenaltySpeed>		0.0		</PenaltySpeed>
		
		<Wave WaveNum = "1" Type = "Piranhas">
			<Enemy Type = "Blue">			
				<MinNumber>15</MinNumber>
				<MaxNumber>25</MaxNumber>
			</Enemy>
		</Wave>
		
		<Wave WaveNum = "2" Type = "Sharks">
			<Enemy Type = "Blue">
				<MinNumber>7</MinNumber>
				<MaxNumber>14</MaxNumber>
			</Enemy>
		</Wave>
	</Level>
	
	
								<!-- LEVEL 3 -->
	<Level LevelNum = "3">
		<NumForPenalty>		1	</NumForPenalty>
		
		<Wave WaveNum = "1" Type = "Sharks">
			<Enemy Type = "Blue">
				<ThemeRandom></ThemeRandom>
				<MinNumber>7</MinNumber>
				<MaxNumber>14</MaxNumber>
			</Enemy>
		</Wave>
		
		<Wave WaveNum = "2" Type = "Piranhas">
			<Enemy Type = "Blue">
				<MinNumber>20</MinNumber>
				<MaxNumber>25</MaxNumber>
			</Enemy>
		</Wave>
	</Level>						
	
								<!-- LEVEL 4 -->
	<Level LevelNum = "4">	
		<MinEndDiff>		15		</MinEndDiff>
		<MaxEndDiff>		30		</MaxEndDiff>
		<Wave WaveNum = "1" Type = "Sharks">
			<Enemy Type = "Black">
				<MinNumber>1</MinNumber>
				<MaxNumber>1</MaxNumber>
			</Enemy>
			<Enemy Type = "Blue">
				<MinNumber>7</MinNumber>
				<MaxNumber>10</MaxNumber>
			</Enemy>
		</Wave>
		
		<Wave WaveNum = "2" Type = "Sharks">
			<Enemy Type = "Black">
				<MinNumber>3</MinNumber>
				<MaxNumber>3</MaxNumber>
			</Enemy>
			<Enemy Type = "Blue">
				<MinNumber>4</MinNumber>
				<MaxNumber>7</MaxNumber>
			</Enemy>
		</Wave>
		
		<Wave WaveNum = "3" Type = "Sharks">
			<Enemy Type = "Black">
				<MinNumber>1</MinNumber>
				<MaxNumber>3</MaxNumber>
			</Enemy>
			<Enemy Type = "Blue">
				<MinNumber>4</MinNumber>
				<MaxNumber>5</MaxNumber>
			</Enemy>
		</Wave>
	</Level>		
	
								<!-- LEVEL 5 -->
	<Level LevelNum = "5">
		
		<Wave WaveNum = "1" Type = "Piranhas">
			<Enemy Type = "White">
				<MinNumber>3</MinNumber>
				<MaxNumber>5</MaxNumber>
			</Enemy>
			<Enemy Type = "Blue">
				<MinNumber>7</MinNumber>
				<MaxNumber>13</MaxNumber>
			</Enemy>
		</Wave>
		
		<Wave WaveNum = "2" Type = "Piranhas">
			<Enemy Type = "Blue">
				<MinNumber>5</MinNumber>
				<MaxNumber>8</MaxNumber>
			</Enemy>
			<Enemy Type = "White">
				<MinNumber>5</MinNumber>
				<MaxNumber>9</MaxNumber>
			</Enemy>			
		</Wave>
		
		<Wave WaveNum = "3" Type = "Sharks">
			<Enemy Type = "Black">
				<ThemeRandom></ThemeRandom>
				<MinSpeed>1.0</MinSpeed>
				<MaxSpeed>1.2</MaxSpeed>
				<MinNumber>5</MinNumber>
				<MaxNumber>6</MaxNumber>
			</Enemy>		
		</Wave>
		
		<Wave WaveNum = "4" Type = "Sharks">
			<Enemy Type = "Black">
				<MinNumber>2</MinNumber>
				<MaxNumber>3</MaxNumber>
			</Enemy>
			<Enemy Type = "Blue">
				<MinNumber>6</MinNumber>
				<MaxNumber>10</MaxNumber>
			</Enemy>
		</Wave>
		
		<Wave WaveNum = "5" Type = "Piranhas">
			<Enemy Type = "White">
				<MinNumber>8</MinNumber>
				<MaxNumbre>10</MaxNumbre>
			</Enemy>
			<Enemy Type = "Blue">
				<MinNumber>7</MinNumber>
				<MinNumber>10</MinNumber>
			</Enemy>
		</Wave>
		
		<Wave WaveNum = "6" Type = "Sharks">
			<Enemy Type = "Black">
				<MinSpeed>1.0</MinSpeed>
				<MaxSpeed>1.2</MaxSpeed>
				<ThemeRandom></ThemeRandom>
				<MinNumber>4</MinNumber>
				<MaxNumber>5</MaxNumber>
			</Enemy>
		</Wave>
		
	</Level>
	
							<!-- LEVEL 6 -->
	<Level LevelNum = "6">
		
		<Wave WaveNum = "1" Type = "Sharks">
			<Enemy Type = "Stealth">
				<MinNumber>3</MinNumber>
				<MaxNumber>4</MaxNumber>
			</Enemy>
			<Enemy Type = "Blue">
				<MinNumber>5</MinNumber>
				<MaxNumber>7</MaxNumber>
			</Enemy>
		</Wave>
		
		<Wave WaveNum = "2" Type = "Piranhas">
			<Enemy Type = "Stealth">
				<MinNumber>7</MinNumber>
				<MaxNumber>10</MaxNumber>
			</Enemy>
			<Enemy Type = "Blue">
				<MinNumber>5</MinNumber>
				<MaxNumber>10</MaxNumber>
			</Enemy>
		</Wave>
				
	</Level>
	
							<!-- LEVEL 7 -->
	<Level LevelNum = "7">
		
		<Wave WaveNum = "1" Type = "Piranhas">
			<Enemy Type = "White">
				<MinNumber>10</MinNumber>
				<MaxNumber>13</MaxNumber>
			</Enemy>
		</Wave>
		
		<Wave WaveNum = "2" Type = "Sharks">
			<Enemy Type = "Black">
				<MinSpeed>1.0</MinSpeed>
				<MaxSpeed>1.2</MaxSpeed>
				<MinNumber>3</MinNumber>
				<MaxNumber>4</MaxNumber>
			</Enemy>		
			<Enemy Type = "Stealth">
				<MinNumber>5</MinNumber>
				<MaxNumber>6</MaxNumber>
			</Enemy>
		</Wave>		
		
		<Wave WaveNum = "3" Type = "Piranhas">
			<Enemy Type = "Blue">
				<MinNumber>5</MinNumber>
				<MaxNumber>7</MaxNumber>
			</Enemy>
			<Enemy Type = "White">
				<MinNumber>5</MinNumber>
				<MaxNumber>7</MaxNumber>
			</Enemy>
			<Enemy Type = "Stealth">
				<MinNumber>5</MinNumber>
				<MaxNumber>7</MaxNumber>
			</Enemy>
		</Wave>
		
		<Wave WaveNum = "4" Type = "Sharks">
			<Enemy Type = "Black">
				<MinSpeed>1.0</MinSpeed>
				<MaxSpeed>1.2</MaxSpeed>
				<MinNumber>3</MinNumber>
				<MaxNumber>4</MaxNumber>
			</Enemy>		
			<Enemy Type = "Stealth">
				<MinNumber>3</MinNumber>
				<MaxNumber>4</MaxNumber>
			</Enemy>
			<Enemy Type = "Blue">
				<MinNumber>6</MinNumber>
				<MaxNumber>7</MaxNumber>
			</Enemy>
		</Wave>		
					
	</Level>
	
								<!-- LEVEL 8 -->
	<Level LevelNum = "8">
	
		<Wave WaveNum = "1" Type = "Sharks">
			<Enemy Type = "Red">
				<MinSpeed>1.0</MinSpeed>
				<MaxSpeed>1.2</MaxSpeed>
				<MinNumber>2</MinNumber>	
				<MaxNumber>2</MaxNumber>
			</Enemy>
			<Enemy Type = "Stealth">
				<MinNumber>4</MinNumber>
				<MaxNumber>6</MaxNumber>
			</Enemy>
			<Enemy Type = "Blue">
				<MinNumber>4</MinNumber>
				<MaxNumber>4</MaxNumber>
			</Enemy>
		</Wave>		
		
		<Wave WaveNum = "2" Type = "Sharks">
			<Enemy Type = "Red">
				<MinSpeed>1.0</MinSpeed>
				<MaxSpeed>1.2</MaxSpeed>
				<MinNumber>2</MinNumber>
				<MaxNumber>3</MaxNumber>
			</Enemy>
			<Enemy Type = "Black">
				<MinSpeed>1.0</MinSpeed>
				<MaxSpeed>1.2</MaxSpeed>
				<MinNumber>4</MinNumber>
				<MaxNumber>5</MaxNumber>
			</Enemy>
		</Wave>
		
		<Wave WaveNum = "3" Type = "Piranhas">
			<Enemy Type = "White">
				<MinNumber>5</MinNumber>
				<MaxNumber>7</MaxNumber>
			</Enemy>
			<Enemy Type = "Blue">
				<MinNumber>5</MinNumber>
				<MaxNumber>7</MaxNumber>
			</Enemy>
			<Enemy Type = "Stealth">
				<MinNumber>5</MinNumber>
				<MaxNumber>7</MaxNumber>
			</Enemy>
		</Wave>
		
		<Wave WaveNum = "4" Type = "Sharks">
			<Enemy Type = "Blue">
				<MinNumber>4</MinNumber>
				<MaxNumber>5</MaxNumber>
			</Enemy>
			<Enemy Type = "Black">
				<MinSpeed>1.0</MinSpeed>
				<MaxSpeed>1.2</MaxSpeed>
				<MinNumber>1</MinNumber>
				<MaxNumber>2</MaxNumber>
			</Enemy>
			<Enemy Type = "Stealth">
				<MinNumber>4</MinNumber>
				<MaxNumber>6</MaxNumber>
			</Enemy>
		</Wave>
		
	</Level>
	
								<!-- LEVEL 9 -->
	<Level LevelNum = "9">
		
		<Wave WaveNum = "1" Type = "Sharks">
			<Enemy Type = "Red">
				<MinSpeed>1.1</MinSpeed>
				<MaxSpeed>1.3</MaxSpeed>
				<MinNumber>2</MinNumber>
				<MinNumber>2</MinNumber>
			</Enemy>
			<Enemy Type = "Stealth">
				<MinNumber>4</MinNumber>
				<MaxNumber>5</MaxNumber>
			</Enemy>
			<Enemy Type = "Blue">
				<MinNumber>2</MinNumber>
				<MaxNumber>3</MaxNumber>
			</Enemy>
		</Wave>
		
		<Wave WaveNum = "2" Type = "Piranhas">
			<Enemy Type = "White">
				<MinNumber>7</MinNumber>
				<MaxNumber>9</MaxNumber>
			</Enemy>
			<Enemy Type = "Stealth">
				<MinNumber>15</MinNumber>
				<MaxNumber>15</MaxNumber>
			</Enemy>
		</Wave>
		
		<Wave WaveNum = "3" Type = "Piranhas">
			<Enemy Type = "WhiteStealth">
				<MinNumber>4</MinNumber>
				<MaxNumber>6</MaxNumber>
			</Enemy>
			<Enemy Type = "Stealth">
				<MinNumber>15</MinNumber>
				<MaxNumber>20</MaxNumber>
			</Enemy>
		</Wave>
		
		<Wave WaveNum = "4" Type = "Sharks">
			<Enemy Type = "Red">
				<MinSpeed>1.1</MinSpeed>
				<MaxSpeed>1.3</MaxSpeed>
				<MinNumber>3</MinNumber>
				<MaxNumber>3</MaxNumber>
			</Enemy>
			<Enemy Type = "Black">
				<MinSpeed>1.2</MinSpeed>
				<MaxSpeed>1.4</MaxSpeed>
				<MinNumber>4</MinNumber>
				<MaxNumber>5</MaxNumber>
			</Enemy>
		</Wave>
		
	</Level>
	
								<!-- LEVEL 10 -->								
	<Level LevelNum = "10">
	
		<Wave WaveNum = "1" Type = "Sharks">
			<Enemy Type = "Black">
				<MinNumber>4</MinNumber>
				<MaxNumber>4</MaxNumber>
			</Enemy>
			<Enemy Type = "Stealth">
				<MinNumber>3</MinNumber>
				<MaxNumber>4</MaxNumber>
			</Enemy>
		</Wave>
		
		<Wave WaveNum = "2" Type = "Piranhas">
			<Enemy Type = "Stealth">
				<MinNumber>6</MinNumber>
				<MaxNumber>8</MaxNumber>
			</Enemy>
			<Enemy Type = "WhiteStealth">
				<MinNumber>6</MinNumber>
				<MaxNumber>7</MaxNumber>
			</Enemy>
			<Enemy Type = "Blue">
				<MinNumber>8</MinNumber>
				<MaxNumber>10</MaxNumber>
			</Enemy>
			<Enemy Type = "White">
				<MinNumber>2</MinNumber>
				<MaxNumber>5</MaxNumber>
			</Enemy>
		</Wave>
		
		<Wave WaveNum = "3" Type = "Sharks">
			<Enemy Type = "Purple">
				<MinNumber>3</MinNumber>
				<MaxNumber>6</MaxNumber>
			</Enemy>
			<Enemy Type = "Blue">
				<MinNumber>6</MinNumber>
				<MaxNumber>10</MaxNumber>
			</Enemy>
		</Wave>
		
		<Wave WaveNum = "4" Type = "Sharks">
			<Enemy Type = "Purple">
				<MinNumber>5</MinNumber>
				<MaxNumber>6</MaxNumber>
			</Enemy>
			<Enemy Type = "Stealth">
				<MinNumber>5</MinNumber>
				<MaxNumber>6</MaxNumber>
			</Enemy>
		</Wave>
	
	</Level>
	
								<!-- LEVEL 11 -->
	<Level LevelNum = "11">
	
		<Wave WaveNum = "1" Type = "Sharks">
			<Enemy Type = "Purple">
				<MinNumber>3</MinNumber>
				<MaxNumber>4</MaxNumber>
			</Enemy>
			<Enemy Type = "Black">
				<MinNumber>4</MinNumber>
				<MaxNumber>6</MaxNumber>
			</Enemy>
		</Wave>
		
		<Wave WaveNum = "2" Type = "Sharks">
			<Enemy Type = "Toxic">
				<MinNumber>1</MinNumber>
				<MaxNumber>1</MaxNumber>
			</Enemy>
			<Enemy Type = "Blue">
				<MinNumber>6</MinNumber>
				<MaxNumber>8</MaxNumber>
			</Enemy>
		</Wave>
		
		<Wave WaveNum = "3" Type = "Piranhas">
			<Enemy Type = "Stealth">
				<MinNumber>8</MinNumber>
				<MaxNumber>10</MaxNumber>
			</Enemy>
			<Enemy Type = "WhiteStealth">
				<MinNumber>5</MinNumber>
				<MaxNumber>8</MaxNumber>
			</Enemy>
			<Enemy Type = "Blue">
				<MinNumber>8</MinNumber>
				<MaxNumber>10</MaxNumber>
			</Enemy>
			<Enemy Type = "White">
				<MinNumber>5</MinNumber>
				<MaxNumber>8</MaxNumber>
			</Enemy>
		</Wave>
	
	</Level>
	
								<!-- LEVEL 12 -->
	<Level LevelNum = "12">
	
		<Wave WaveNum = "1" Type = "Sharks">
			<Enemy Type = "Red">
				<ThemeRandom></ThemeRandom>
				<MinNumber>4</MinNumber>
				<MaxNumber>6</MaxNumber>
			</Enemy>			
		</Wave>
		
		<Wave WaveNum = "2" Type = "Sharks">
			<Enemy Type = "Toxic">
				<MinNumber>3</MinNumber>
				<MaxNumber>3</MaxNumber>
			</Enemy>
			<Enemy Type = "CrazyToxic">
				<MinSpeed>0.8</MinSpeed>
				<MaxSpeed>0.9</MaxSpeed>
				<MinNumber>3</MinNumber>
				<MaxNumber>3</MaxNumber>
			</Enemy>
		</Wave>
		
		<Wave WaveNum = "3" Type = "Piranhas">
			<Enemy Type = "Stealth">
				<MinNumber>10</MinNumber>
				<MaxNumber>15</MaxNumber>
			</Enemy>
			<Enemy Type = "Blue">
				<MinNumber>5</MinNumber>
				<MaxNumber>10</MaxNumber>
			</Enemy>
		</Wave>
		
		<Wave WaveNum = "4" Type = "Sharks">
			<Enemy Type = "Stealth">
				<MinNumber>5</MinNumber>
				<MaxNumber>7</MaxNumber>
			</Enemy>
			<Enemy Type = "CrazyToxic">
				<MinNumber>3</MinNumber>
				<MaxNumber>3</MaxNumber>
			</Enemy>
		</Wave>
	
	</Level>
	
								<!-- LEVEL 13 -->		
	<Level LevelNum = "13">
	
		<Wave WaveNum = "1" Type = "Piranhas">
			<Enemy Type = "Stealth">
				<MinNumber>8</MinNumber>
				<MaxNumber>10</MaxNumber>
			</Enemy>
			<Enemy Type = "WhiteStealth">
				<MinSpeed>0.9</MinSpeed>
				<MaxSpeed>1.0</MaxSpeed>
				<MinNumber>4</MinNumber>
				<MaxNumber>7</MaxNumber>
			</Enemy>
			<Enemy Type = "Blue">
				<MinNumber>8</MinNumber>
				<MaxNumber>10</MaxNumber>
			</Enemy>
			<Enemy Type = "White">
				<MinSpeed>0.9</MinSpeed>
				<MaxSpeed>1.0</MaxSpeed>
				<MinNumber>5</MinNumber>
				<MaxNumber>8</MaxNumber>
			</Enemy>
		</Wave>
		
		<Wave WaveNum = "2" Type = "Sharks">
			<Enemy Type = "Black">
				<MinSpeed>1.3</MinSpeed>
				<MaxSpeed>1.5</MaxSpeed>
				<MinNumber>4</MinNumber>
				<MaxNumber>6</MaxNumber>
			</Enemy>
			<Enemy Type = "Toxic">
				<MinNumber>2</MinNumber>
				<MaxNumber>3</MaxNumber>
			</Enemy>
		</Wave>
		
		<Wave WaveNum = "3" Type = "Sharks">
			<Enemy Type = "Purple">
				<MinNumber>3</MinNumber>
				<MaxNumber>4</MaxNumber>
			</Enemy>
			<Enemy Type = "Red">
				<MinSpeed>1.1</MinSpeed>
				<MaxSpeed>1.3</MaxSpeed>
				<MinNumber>3</MinNumber>
				<MaxNumber>3</MaxNumber>
			</Enemy>
		</Wave>
		
		<Wave WaveNum = "4" Type = "Sharks">
			<Enemy Type = "Stealth">
				<MinNumber>7</MinNumber>
				<MaxNumber>10</MaxNumber>
			</Enemy>
		</Wave>
	
	</Level>
	
								<!-- LEVEL 14 -->
	<Level LevelNum = "14">
	
		<Wave WaveNum = "1" Type = "Sharks">
			<Enemy Type = "Blue">
				<MinNumber>4</MinNumber>
				<MaxNumber>7</MaxNumber>
			</Enemy>
			<Enemy Type = "BlackStealth">
				<MinSpeed>0.9</MinSpeed>
				<MaxSpeed>1.0</MaxSpeed>
				<MinNumber>3</MinNumber>
				<MaxNumber>5</MaxNumber>
			</Enemy>
		</Wave>
	
		<Wave WaveNum = "2" Type = "Sharks">
			<Enemy Type = "BlackStealth">
				<MinNumber>3</MinNumber>
				<MaxNumber>4</MaxNumber>
			</Enemy>
			<Enemy Type = "CrazyToxic">
				<MinNumber>3</MinNumber>
				<MaxNumber>4</MaxNumber>
			</Enemy>
		</Wave>	
		
		<Wave WaveNum = "3" Type = "Sharks">
			<Enemy Type = "Purple">
				<MinNumber>2</MinNumber>
				<MaxNumber>3</MaxNumber>
			</Enemy>
			<Enemy Type = "Red">
				<MinSpeed>1.0</MinSpeed>
				<MaxSpeed>1.3</MaxSpeed>
				<MinNumber>2</MinNumber>
				<MaxNumber>3</MaxNumber>
			</Enemy>
			<Enemy Type = "BlackStealth">
				<MinSpeed>0.9</MinSpeed>
				<MaxSpeed>1.1</MaxSpeed>
				<MinNumber>3</MinNumber>
				<MaxNumber>3</MaxNumber>
			</Enemy>
		</Wave>
		
		<Wave WaveNum = "4" Type = "Piranhas">
			<Enemy Type = "Stealth">
				<MinNumber>8</MinNumber>
				<MaxNumber>10</MaxNumber>
			</Enemy>
			<Enemy Type = "WhiteStealth">
				<MinNumber>4</MinNumber>
				<MaxNumber>7</MaxNumber>
			</Enemy>
			<Enemy Type = "Blue">
				<MinNumber>8</MinNumber>
				<MaxNumber>10</MaxNumber>
			</Enemy>
			<Enemy Type = "White">
				<MinNumber>5</MinNumber>
				<MaxNumber>8</MaxNumber>
			</Enemy>
		</Wave>
		
	</Level>
	
	
								<!-- LEVEL 15 -->
	<Level LevelNum = "15">
	
		<Wave WaveNum = "1" Type = "Piranhas">
			<Enemy Type = "Blue">
				<MinNumber>10</MinNumber>
				<MaxNumber>10</MaxNumber>
			</Enemy>
		</Wave>
		
		<Wave WaveNum = "2" Type = "Sharks">
			<Enemy Type = "Red">
				<MinNumber>2</MinNumber>
				<MaxNumber>3</MaxNumber>
			</Enemy>
			<Enemy Type = "CrazyToxic">
				<MinNumber>4</MinNumber>
				<MaxNumber>6</MaxNumber>
			</Enemy>
		</Wave>
		
		<Wave WaveNum = "3" Type = "Piranhas">
			<Enemy Type = "Stealth">
				<MinNumber>10</MinNumber>
				<MaxNumber>10</MaxNumber>
			</Enemy>
		</Wave>
		
		<Wave WaveNum = "3" Type = "Sharks">
			<Enemy Type = "Purple">
				<MinNumber>3</MinNumber>
				<MaxNumber>5</MaxNumber>
			</Enemy>
			<Enemy Type = "BlackStealth">
				<MinNumber>3</MinNumber>
				<MaxNumber>5</MaxNumber>
			</Enemy>
		</Wave>
		
		<Wave WaveNum = "4" Type = "Piranhas">
			<Enemy Type = "White">
				<MinNumber>10</MinNumber>
				<MaxNumber>10</MaxNumber>
			</Enemy>
		</Wave>
		
		<Wave WaveNum = "5" Type = "Sharks">
			<Enemy Type = "Toxic">
				<MinNumber>6</MinNumber>
				<MaxNumber>10</MaxNumber>
			</Enemy>
		</Wave>
		
		<Wave WaveNum = "6" Type = "Piranhas">
			<Enemy Type = "WhiteStealth">
				<MinNumber>14</MinNumber>
				<MaxNumber>14</MaxNumber>
			</Enemy>
		</Wave>
	
	</Level>
	
	
								<!-- LEVEL 16 -->
	<Level LevelNum = "16">
	
		<Wave WaveNum = "1" Type = "Sharks">
			<Enemy Type = "RedStealth">
				<MinSpeed>0.9</MinSpeed>
				<MaxSpeed>1.1</MaxSpeed>
				<MinNumber>2</MinNumber>
				<MaxNumber>3</MaxNumber>
			</Enemy>
			<Enemy Type = "BlackStealth">
				<MinNumber>3</MinNumber>
				<MaxNumber>4</MaxNumber>
			</Enemy>
		</Wave>
		
		<Wave WaveNum = "2" Type = "Sharks">
			<Enemy Type = "CrazyToxic">
				<MinSpeed>0.7</MinSpeed>
				<Maxspeed>0.7</Maxspeed>
				<MinNumber>4</MinNumber>
				<MaxNumber>5</MaxNumber>
			</Enemy>
			<Enemy Type = "RedStealth">
				<MinSpeed>0.8</MinSpeed>
				<MaxSpeed>0.9</MaxSpeed>
				<MinNumber>3</MinNumber>
				<Maxnumber>4</Maxnumber>
			</Enemy>
			<Enemy Type = "Purple">
				<MinNumber>2</MinNumber>
				<MaxNumber>3</MaxNumber>
			</Enemy>
		</Wave>
		
		<Wave WaveNum = "3" Type = "Piranhas">
			<Enemy Type = "Blue">
				<MinNumber>1</MinNumber>
				<MaxNumber>1</MaxNumber>
			</Enemy>
		</Wave>
		
		<Wave WaveNum = "4" Type = "Sharks">
			<Enemy Type = "Black">
				<ThemeRandom></ThemeRandom>
				<MinNumber>10</MinNumber>
				<MaxNumber>10</MaxNumber>
			</Enemy>
		</Wave>
		
		<Wave WaveNum = "5" Type = "Sharks">
			<Enemy Type = "RedStealth">
				<MinSpeed>0.8</MinSpeed>
				<MaxSpeed>1.0</MaxSpeed>
				<MinNumber>3</MinNumber>
				<MaxNumber>3</MaxNumber>
			</Enemy>
			<Enemy Type = "BlackStealth">
				<MinSpeed>1.0</MinSpeed>
				<MaxSpeed>1.1</MaxSpeed>
				<MinNumber>3</MinNumber>
				<MaxNumber>4</MaxNumber>
			</Enemy>
			<Enemy Type = "Stealth">
				<MinNumber>3</MinNumber>
				<MaxNumber>3</MaxNumber>
			</Enemy>
		</Wave>
	
	</Level>
	
</Config>