<!-- WordShark 1.0 -->
<!-- Difficulty Level: Hard -->

<Config>
	<!-- Default settings -->
	<Default>
		<DiverSpeed>	1	</DiverSpeed>
		<TimeDelay>		1	</TimeDelay>
		<KnockBack>		5	</KnockBack>
		<TreasureSecs>	30	</TreasureSecs>		
		<MinSpeed>		0.7	</MinSpeed>
		<MaxSpeed>		0.9	</MaxSpeed>
		<MinDiff>		3	</MinDiff>
		<MaxDiff>		7	</MaxDiff>
		<MapDelay>		250 </MapDelay> 
  		<MinCol>		3	</MinCol> 
  		<MaxCol>		6	</MaxCol> 
  		<LetterDelay>	300 </LetterDelay>
		<MinEndDiff>	7	</MinEndDiff>
		<MaxEndDiff>	16	</MaxEndDiff>
		<NumForPenalty> 1	</NumForPenalty>
		<PenaltySpeed>	1.0 </PenaltySpeed>
	</Default>
	
								<!-- LEVEL 1 -->
	<Level LevelNum = "1">		
		<MinSpeed>			0.6		</MinSpeed>
		<MaxSpeed>			0.7		</MaxSpeed>
		<MinEndDiff>		6		</MinEndDiff>
		<MaxEndDiff>		10		</MaxEndDiff>
		<!-- We don't want penalty piranhas until level 3 -->
		<NumForPenalty>		65535	</NumForPenalty>
		<PenaltySpeed>		0.0		</PenaltySpeed>
		
		<Wave WaveNum = "1" Type = "Sharks">
			<Enemy Type = "Blue">
				<MinNumber>6</MinNumber>
				<MaxNumber>9</MaxNumber>
			</Enemy>
		</Wave>
				
		<Wave WaveNum = "2" Type = "Sharks">
			<Enemy Type = "Blue">
				<MinNumber>7</MinNumber>
				<MaxNumber>10</MaxNumber>
			</Enemy>
		</Wave>
		
		<Wave WaveNum = "3" Type = "Sharks">
			<Enemy Type = "Blue">
			<MinSpeed>		0.7	</MinSpeed>
			<MaxSpeed>		0.9	</MaxSpeed>
				<MinNumber>3</MinNumber>
				<MaxNumber>5</MaxNumber>
			</Enemy>
		</Wave>
			
	</Level>
								<!-- LEVEL 2 -->
	<Level LevelNum = "2">
		<MinSpeed>			0.6		</MinSpeed>
		<MaxSpeed>			0.8		</MaxSpeed>
		<MinEndDiff>		7		</MinEndDiff>
		<MaxEndDiff>		10		</MaxEndDiff>
		<!-- We don't want penalty piranhas until level 3 -->
		<NumForPenalty>		65535	</NumForPenalty>
		<PenaltySpeed>		0.0		</PenaltySpeed>
		
		<Wave WaveNum = "1" Type = "Piranhas">
			<Enemy Type = "Blue">			
				<MinSpeed>			0.7		</MinSpeed>
				<MaxSpeed>			0.9		</MaxSpeed>				
				<MinNumber>10</MinNumber>
				<MaxNumber>15</MaxNumber>
			</Enemy>
		</Wave>
		
		<Wave WaveNum = "2" Type = "Sharks">
			<Enemy Type = "Blue">
				<MinNumber>9</MinNumber>
				<MaxNumber>13</MaxNumber>
			</Enemy>
		</Wave>
	</Level>
	
	
								<!-- LEVEL 3 -->
	<Level LevelNum = "3">
		<MinEndDiff>		7		</MinEndDiff>
		<MaxEndDiff>		11		</MaxEndDiff>
		<NumForPenalty>		1	</NumForPenalty>
		<PenaltySpeed>		1.0	</PenaltySpeed>
		<MinSpeed>			0.6		</MinSpeed>
		<MaxSpeed>			0.8		</MaxSpeed>
		
		<Wave WaveNum = "1" Type = "Sharks">
			<Enemy Type = "Blue">
				<ThemeRandom></ThemeRandom>
				<MinNumber>10</MinNumber>
				<MaxNumber>14</MaxNumber>
			</Enemy>
		</Wave>
		
		<Wave WaveNum = "2" Type = "Piranhas">
			<Enemy Type = "Blue">
				<MinSpeed>			0.8		</MinSpeed>
				<MaxSpeed>			0.9		</MaxSpeed>
				<MinNumber>9</MinNumber>
				<MaxNumber>15</MaxNumber>
			</Enemy>
		</Wave>
	</Level>						
	
								<!-- LEVEL 4 -->
	<Level LevelNum = "4">	
		<MinEndDiff>		7		</MinEndDiff>
		<MaxEndDiff>		11		</MaxEndDiff>
		<MinSpeed>			0.7		</MinSpeed>
		<MaxSpeed>			0.8		</MaxSpeed>
		
		<Wave WaveNum = "1" Type = "Sharks">
			<Enemy Type = "Black">
				<MinSpeed>0.6</MinSpeed>
				<MaxSpeed>0.7</MaxSpeed>
				<MinNumber>1</MinNumber>
				<MaxNumber>1</MaxNumber>
			</Enemy>
			<Enemy Type = "Blue">
				<MinNumber>4</MinNumber>
				<MaxNumber>6</MaxNumber>
			</Enemy>
		</Wave>
		
		<Wave WaveNum = "2" Type = "Sharks">
			<Enemy Type = "Black">
				<MinSpeed>0.6</MinSpeed>
				<MaxSpeed>0.7</MaxSpeed>
				<MinNumber>2</MinNumber>
				<MaxNumber>3</MaxNumber>
			</Enemy>
			<Enemy Type = "Blue">
				<MinNumber>5</MinNumber>
				<MaxNumber>7</MaxNumber>
			</Enemy>
		</Wave>
		
		<Wave WaveNum = "3" Type = "Sharks">
			<ThemeRandom></ThemeRandom>
			<Enemy Type = "Black">
				<MinSpeed>0.5</MinSpeed>
				<MaxSpeed>0.7</MaxSpeed>
				<MinNumber>3</MinNumber>
				<MaxNumber>4</MaxNumber>
			</Enemy>
			<Enemy Type = "Blue">
				<MinSpeed>0.7</MinSpeed>
				<MaxSpeed>0.8</MaxSpeed>
				<MinNumber>6</MinNumber>
				<MaxNumber>8</MaxNumber>
			</Enemy>
		</Wave>
	</Level>		
	
								<!-- LEVEL 5 -->
	<Level LevelNum = "5">
		<MinEndDiff>		7		</MinEndDiff>
		<MaxEndDiff>		12		</MaxEndDiff>
		<MinSpeed>			0.6		</MinSpeed>
		<MaxSpeed>			0.8		</MaxSpeed>
		
		<Wave WaveNum = "1" Type = "Piranhas">
			<Enemy Type = "White">
				<MinNumber>6</MinNumber>
				<MaxNumber>8</MaxNumber>
			</Enemy>
			<Enemy Type = "Blue">
				<MinNumber>8</MinNumber>
				<MaxNumber>12</MaxNumber>
			</Enemy>
		</Wave>
		
		<Wave WaveNum = "2" Type = "Piranhas">
			<Enemy Type = "Blue">
				<MinNumber>8</MinNumber>
				<MaxNumber>12</MaxNumber>
			</Enemy>
			<Enemy Type = "White">
				<MinNumber>6</MinNumber>
				<MaxNumber>9</MaxNumber>
			</Enemy>			
		</Wave>
		
		<Wave WaveNum = "3" Type = "Sharks">
			<Enemy Type = "Black">
				<MinSpeed>0.6</MinSpeed>
				<MaxSpeed>0.8</MaxSpeed>
				<MinNumber>3</MinNumber>
				<MaxNumber>4</MaxNumber>
			</Enemy>		
		</Wave>
		
		<Wave WaveNum = "4" Type = "Sharks">
			<ThemeRandom></ThemeRandom>
			<Enemy Type = "Black">
				<MinSpeed>0.6</MinSpeed>
				<MaxSpeed>0.8</MaxSpeed>
				<MinNumber>2</MinNumber>
				<MaxNumber>2</MaxNumber>
			</Enemy>
			
			<Enemy Type = "Blue">
				<MinSpeed>0.7</MinSpeed>
				<MaxSpeed>0.9</MaxSpeed>
				<MinNumber>6</MinNumber>
				<MaxNumber>10</MaxNumber>
			</Enemy>
		</Wave>
		
		<Wave WaveNum = "5" Type = "Piranhas">
			<Enemy Type = "White">
				<MinNumber>6</MinNumber>
				<MaxNumbre>9</MaxNumbre>
			</Enemy>
			<Enemy Type = "Blue">
				<MinNumber>8</MinNumber>
				<MinNumber>11</MinNumber>
			</Enemy>
		</Wave>
		
		<Wave WaveNum = "6" Type = "Sharks">
			<ThemeRandom></ThemeRandom>
			<Enemy Type = "Black">
				<MinSpeed>0.5</MinSpeed>
				<MaxSpeed>0.7</MaxSpeed>
				<MinNumber>4</MinNumber>
				<MaxNumber>5</MaxNumber>
			</Enemy>
		</Wave>
		
	</Level>
	
							<!-- LEVEL 6 -->
	<Level LevelNum = "6">
		<MinEndDiff>		7		</MinEndDiff>
		<MaxEndDiff>		12		</MaxEndDiff>
		<MinSpeed>		0.7	</MinSpeed>
		<MaxSpeed>		0.9	</MaxSpeed>
		<Wave WaveNum = "1" Type = "Sharks">
			<Enemy Type = "Stealth">
				<MinNumber>5</MinNumber>
				<MaxNumber>7</MaxNumber>
			</Enemy>
			<Enemy Type = "Blue">
				<MinNumber>6</MinNumber>
				<MaxNumber>8</MaxNumber>
			</Enemy>
		</Wave>
		
		<Wave WaveNum = "2" Type = "Piranhas">
			<Enemy Type = "Stealth">
				<MinNumber>8</MinNumber>
				<MaxNumber>11</MaxNumber>
			</Enemy>
			<Enemy Type = "Blue">
				<MinNumber>7</MinNumber>
				<MaxNumber>11</MaxNumber>
			</Enemy>
		</Wave>
				
	</Level>
	
							<!-- LEVEL 7 -->
	<Level LevelNum = "7">
		<MinEndDiff>		8		</MinEndDiff>
		<MaxEndDiff>		12		</MaxEndDiff>
		<MinSpeed>0.6</MinSpeed>
		<MaxSpeed>0.8</MaxSpeed>
		<Wave WaveNum = "1" Type = "Piranhas">
			<Enemy Type = "White">
				<MinNumber>9</MinNumber>
				<MaxNumber>15</MaxNumber>
			</Enemy>
		</Wave>
		
		<Wave WaveNum = "2" Type = "Sharks">
			<Enemy Type = "Black">
				<MinSpeed>0.5</MinSpeed>
				<MaxSpeed>0.7</MaxSpeed>
				<MinNumber>4</MinNumber>
				<MaxNumber>5</MaxNumber>
			</Enemy>		
			<Enemy Type = "Stealth">
				<MinNumber>6</MinNumber>
				<MaxNumber>9</MaxNumber>
			</Enemy>
		</Wave>		
		
		<Wave WaveNum = "3" Type = "Piranhas">
			<Enemy Type = "Blue">
				<MinNumber>7</MinNumber>
				<MaxNumber>12</MaxNumber>
			</Enemy>
			<Enemy Type = "White">
				<MinNumber>6</MinNumber>
				<MaxNumber>9</MaxNumber>
			</Enemy>
			<Enemy Type = "Stealth">
				<MinNumber>5</MinNumber>
				<MaxNumber>7</MaxNumber>
			</Enemy>
		</Wave>
		
		<Wave WaveNum = "4" Type = "Sharks">
			<Enemy Type = "Black">
				<MinSpeed>0.6</MinSpeed>
				<MaxSpeed>0.7</MaxSpeed>
				<MinNumber>4</MinNumber>
				<MaxNumber>5</MaxNumber>
			</Enemy>		
			<Enemy Type = "Stealth">
				<MinNumber>5</MinNumber>
				<MaxNumber>7</MaxNumber>
			</Enemy>
			<Enemy Type = "Blue">
				<MinNumber>5</MinNumber>
				<MaxNumber>7</MaxNumber>
			</Enemy>
		</Wave>		
					
	</Level>
	
								<!-- LEVEL 8 -->
	<Level LevelNum = "8">
		<MinEndDiff>		6		</MinEndDiff>
		<MaxEndDiff>		13		</MaxEndDiff>
		<MinSpeed>0.6</MinSpeed>
		<MaxSpeed>0.8</MaxSpeed>
		<Wave WaveNum = "1" Type = "Sharks">
			<Enemy Type = "Red">
				<MinSpeed>0.4</MinSpeed>
				<MaxSpeed>0.6</MaxSpeed>
				<MinNumber>1</MinNumber>	
				<MaxNumber>2</MaxNumber>
			</Enemy>
			<Enemy Type = "Stealth">
				<MinNumber>4</MinNumber>
				<MaxNumber>6</MaxNumber>
			</Enemy>
			<Enemy Type = "Blue">
				<MinNumber>3</MinNumber>
				<MaxNumber>5</MaxNumber>
			</Enemy>
		</Wave>		
		
		<Wave WaveNum = "2" Type = "Sharks">
			<Enemy Type = "Red">
				<MinSpeed>0.4</MinSpeed>
				<MaxSpeed>0.5</MaxSpeed>
				<MinNumber>2</MinNumber>
				<MaxNumber>3</MaxNumber>
			</Enemy>
			<Enemy Type = "Black">
				<MinSpeed>0.5</MinSpeed>
				<MaxSpeed>0.6</MaxSpeed>
				<MinNumber>3</MinNumber>
				<MaxNumber>4</MaxNumber>
			</Enemy>
		</Wave>
		
		<Wave WaveNum = "3" Type = "Piranhas">
			<Enemy Type = "White">
				<MinNumber>5</MinNumber>
				<MaxNumber>7</MaxNumber>
			</Enemy>
			<Enemy Type = "Blue">
				<MinNumber>5</MinNumber>
				<MaxNumber>9</MaxNumber>
			</Enemy>
			<Enemy Type = "Stealth">
				<MinNumber>4</MinNumber>
				<MaxNumber>6</MaxNumber>
			</Enemy>
		</Wave>
		
		<Wave WaveNum = "4" Type = "Sharks">
		<ThemeRandom></ThemeRandom>
			<Enemy Type = "Blue">
				<MinNumber>4</MinNumber>
				<MaxNumber>6</MaxNumber>
			</Enemy>
			<Enemy Type = "Black">
				<MinSpeed>0.5</MinSpeed>
				<MaxSpeed>0.7</MaxSpeed>
				<MinNumber>3</MinNumber>
				<MaxNumber>4</MaxNumber>
			</Enemy>
			<Enemy Type = "Stealth">
				<MinNumber>4</MinNumber>
				<MaxNumber>6</MaxNumber>
			</Enemy>
		</Wave>
		
	</Level>
	
								<!-- LEVEL 9 -->
	<Level LevelNum = "9">
		
		<Wave WaveNum = "1" Type = "Sharks">
			<Enemy Type = "Red">
				<MinSpeed>0.5</MinSpeed>
				<MaxSpeed>0.7</MaxSpeed>
				<MinNumber>2</MinNumber>
				<MinNumber>2</MinNumber>
			</Enemy>
			<Enemy Type = "Stealth">
				<MinNumber>3</MinNumber>
				<MaxNumber>5</MaxNumber>
			</Enemy>
			<Enemy Type = "Blue">
				<MinNumber>3</MinNumber>
				<MaxNumber>5</MaxNumber>
			</Enemy>
		</Wave>
		
		<Wave WaveNum = "2" Type = "Piranhas">
			<Enemy Type = "White">
				<MinNumber>7</MinNumber>
				<MaxNumber>10</MaxNumber>
			</Enemy>
			<Enemy Type = "Stealth">
				<MinNumber>7</MinNumber>
				<MaxNumber>11</MaxNumber>
			</Enemy>
		</Wave>
		
		<Wave WaveNum = "3" Type = "Piranhas">
			<Enemy Type = "WhiteStealth">
				<MinNumber>4</MinNumber>
				<MaxNumber>5</MaxNumber>
			</Enemy>
			<Enemy Type = "Stealth">
				<MinNumber>5</MinNumber>
				<MaxNumber>8</MaxNumber>
			</Enemy>
		</Wave>
		
		<Wave WaveNum = "4" Type = "Sharks">
			<Enemy Type = "Red">
				<MinSpeed>0.5</MinSpeed>
				<MaxSpeed>0.6</MaxSpeed>
				<MinNumber>1</MinNumber>
				<MaxNumber>2</MaxNumber>
			</Enemy>
			<Enemy Type = "Black">
				<MinSpeed>0.5</MinSpeed>
				<MaxSpeed>0.7</MaxSpeed>
				<MinNumber>4</MinNumber>
				<MaxNumber>6</MaxNumber>
			</Enemy>
		</Wave>
		
	</Level>
	
								<!-- LEVEL 10 -->								
	<Level LevelNum = "10">
	
		<Wave WaveNum = "1" Type = "Sharks">
		<ThemeRandom></ThemeRandom>
			<Enemy Type = "Black">
				<MinNumber>2</MinNumber>
				<MaxNumber>3</MaxNumber>
			</Enemy>
			<Enemy Type = "Stealth">
				<MinNumber>3</MinNumber>
				<MaxNumber>5</MaxNumber>
			</Enemy>
		</Wave>
		
		<Wave WaveNum = "2" Type = "Piranhas">
			<Enemy Type = "Stealth">
				<MinNumber>3</MinNumber>
				<MaxNumber>5</MaxNumber>
			</Enemy>
			<Enemy Type = "WhiteStealth">
				<MinNumber>3</MinNumber>
				<MaxNumber>4</MaxNumber>
			</Enemy>
			<Enemy Type = "Blue">
				<MinNumber>4</MinNumber>
				<MaxNumber>7</MaxNumber>
			</Enemy>
			<Enemy Type = "White">
				<MinNumber>4</MinNumber>
				<MaxNumber>7</MaxNumber>
			</Enemy>
		</Wave>
		
		<Wave WaveNum = "3" Type = "Sharks">
			<Enemy Type = "Purple">
				<MinNumber>2</MinNumber>
				<MaxNumber>3</MaxNumber>
			</Enemy>
			<Enemy Type = "Blue">
				<MinNumber>3</MinNumber>
				<MaxNumber>4</MaxNumber>
			</Enemy>
		</Wave>
		
		<Wave WaveNum = "4" Type = "Sharks">
			<Enemy Type = "Purple">
				<MinNumber>2</MinNumber>
				<MaxNumber>3</MaxNumber>
			</Enemy>
			<Enemy Type = "Stealth">
			<ThemeRandom></ThemeRandom>
				<MinNumber>3</MinNumber>
				<MaxNumber>4</MaxNumber>
			</Enemy>
		</Wave>
	
	</Level>
	
								<!-- LEVEL 11 -->
	<Level LevelNum = "11">
	
		<Wave WaveNum = "1" Type = "Sharks">
			<Enemy Type = "Purple">
				<MinNumber>2</MinNumber>
				<MaxNumber>3</MaxNumber>
			</Enemy>
			<Enemy Type = "Black">
				<MinSpeed>0.6</MinSpeed>
				<MaxSpeed>0.8</MaxSpeed>
				<MinNumber>3</MinNumber>
				<MaxNumber>4</MaxNumber>
			</Enemy>
		</Wave>
		
		<Wave WaveNum = "2" Type = "Sharks">
			<Enemy Type = "Toxic">
				<MinNumber>1</MinNumber>
				<MaxNumber>1</MaxNumber>
			</Enemy>
			<Enemy Type = "Blue">
				<MinNumber>2</MinNumber>
				<MaxNumber>4</MaxNumber>
			</Enemy>
		</Wave>
		
		<Wave WaveNum = "3" Type = "Piranhas">
			<Enemy Type = "Stealth">
				<MinNumber>5</MinNumber>
				<MaxNumber>8</MaxNumber>
			</Enemy>
			<Enemy Type = "WhiteStealth">
				<MinSpeed>0.4</MinSpeed>
				<MaxSpeed>0.6</MaxSpeed>
				<MinNumber>4</MinNumber>
				<MaxNumber>6</MaxNumber>
			</Enemy>
			<Enemy Type = "Blue">
				<MinNumber>6</MinNumber>
				<MaxNumber>8</MaxNumber>
			</Enemy>
			<Enemy Type = "White">
				<MinSpeed>0.4</MinSpeed>
				<MaxSpeed>0.6</MaxSpeed>
				<MinNumber>6</MinNumber>
				<MaxNumber>8</MaxNumber>
			</Enemy>
		</Wave>
	
	</Level>
	
								<!-- LEVEL 12 -->
	<Level LevelNum = "12">
	
		<Wave WaveNum = "1" Type = "Sharks">
			<Enemy Type = "Red">
				<MinSpeed>0.5</MinSpeed>
				<MaxSpeed>0.7</MaxSpeed>
				<MinNumber>3</MinNumber>
				<MaxNumber>5</MaxNumber>
			</Enemy>			
		</Wave>
		
		<Wave WaveNum = "2" Type = "Sharks">
			<Enemy Type = "Toxic">
				<MinSpeed>0.4</MinSpeed>
				<MaxSpeed>0.6</MaxSpeed>
				<MinNumber>2</MinNumber>
				<MaxNumber>3</MaxNumber>
			</Enemy>
			<Enemy Type = "CrazyToxic">
				<MinSpeed>0.4</MinSpeed>
				<MaxSpeed>0.5</MaxSpeed>
				<MinNumber>1</MinNumber>
				<MaxNumber>2</MaxNumber>
			</Enemy>
		</Wave>
		
		<Wave WaveNum = "3" Type = "Piranhas">
			<Enemy Type = "Stealth">
				<MinNumber>8</MinNumber>
				<MaxNumber>10</MaxNumber>
			</Enemy>
			<Enemy Type = "Blue">
				<MinNumber>4</MinNumber>
				<MaxNumber>7</MaxNumber>
			</Enemy>
		</Wave>
		
		<Wave WaveNum = "4" Type = "Sharks">
			<Enemy Type = "Stealth">
				<MinNumber>3</MinNumber>
				<MaxNumber>5</MaxNumber>
			</Enemy>
			<Enemy Type = "CrazyToxic">
				<MinSpeed>0.4</MinSpeed>
				<MinSpeed>0.6</MinSpeed>
				<MinNumber>2</MinNumber>
				<MaxNumber>3</MaxNumber>
			</Enemy>
		</Wave>
	
	</Level>
	
								<!-- LEVEL 13 -->		
	<Level LevelNum = "13">
	
		<Wave WaveNum = "1" Type = "Piranhas">
			<Enemy Type = "Stealth">
				<MinNumber>5</MinNumber>
				<MaxNumber>8</MaxNumber>
			</Enemy>
			<Enemy Type = "WhiteStealth">
				<MinSpeed>0.4</MinSpeed>
				<MaxSpeed>0.6</MaxSpeed>
				<MinNumber>4</MinNumber>
				<MaxNumber>7</MaxNumber>
			</Enemy>
			<Enemy Type = "Blue">
				<MinNumber>5</MinNumber>
				<MaxNumber>8</MaxNumber>
			</Enemy>
			<Enemy Type = "White">
				<MinSpeed>0.6</MinSpeed>
				<MaxSpeed>0.8</MaxSpeed>
				<MinNumber>6</MinNumber>
				<MaxNumber>9</MaxNumber>
			</Enemy>
		</Wave>
		
		<Wave WaveNum = "2" Type = "Sharks">
			<Enemy Type = "Black">
				<MinSpeed>0.5</MinSpeed>
				<MaxSpeed>0.7</MaxSpeed>
				<MinNumber>5</MinNumber>
				<MaxNumber>6</MaxNumber>
			</Enemy>
			<Enemy Type = "Toxic">
				<MinNumber>1</MinNumber>
				<MaxNumber>2</MaxNumber>
			</Enemy>
		</Wave>
		
		<Wave WaveNum = "3" Type = "Sharks">
			<Enemy Type = "Purple">
				<MinNumber>3</MinNumber>
				<MaxNumber>4</MaxNumber>
			</Enemy>
			<Enemy Type = "Red">
			<ThemeRandom></ThemeRandom>
				<MinSpeed>0.5</MinSpeed>
				<MaxSpeed>0.7</MaxSpeed>
				<MinNumber>3</MinNumber>
				<MaxNumber>4</MaxNumber>
			</Enemy>
		</Wave>
		
		<Wave WaveNum = "4" Type = "Sharks">
			<Enemy Type = "Stealth">
				<MinNumber>5</MinNumber>
				<MaxNumber>7</MaxNumber>
			</Enemy>
		</Wave>
	
	</Level>
	
								<!-- LEVEL 14 -->
	<Level LevelNum = "14">
	
		<Wave WaveNum = "1" Type = "Sharks">
			<ThemeRandom></ThemeRandom>
			<Enemy Type = "Blue">
				<MinNumber>4</MinNumber>
				<MaxNumber>6</MaxNumber>
			</Enemy>
			<Enemy Type = "BlackStealth">
				<MinSpeed>0.4</MinSpeed>
				<MaxSpeed>0.6</MaxSpeed>
				<MinNumber>2</MinNumber>
				<MaxNumber>3</MaxNumber>
			</Enemy>
		</Wave>
	
		<Wave WaveNum = "2" Type = "Sharks">
			<Enemy Type = "BlackStealth">
				<MinSpeed>0.4</MinSpeed>
				<MaxSpeed>0.6</MaxSpeed>			
				<MinNumber>2</MinNumber>
				<MaxNumber>3</MaxNumber>
			</Enemy>
			<Enemy Type = "CrazyToxic">
				<MinNumber>1</MinNumber>
				<MaxNumber>2</MaxNumber>
			</Enemy>
		</Wave>	
		
		<Wave WaveNum = "3" Type = "Sharks">
			<Enemy Type = "Purple">
				<MinNumber>3</MinNumber>
				<MaxNumber>4</MaxNumber>
			</Enemy>
			<Enemy Type = "Red">
				<MinSpeed>0.5</MinSpeed>
				<MaxSpeed>0.7</MaxSpeed>
				<MinNumber>2</MinNumber>
				<MaxNumber>3</MaxNumber>
			</Enemy>
			<Enemy Type = "BlackStealth">
				<MinSpeed>0.4</MinSpeed>
				<MaxSpeed>0.5</MaxSpeed>
				<MinNumber>2</MinNumber>
				<MaxNumber>3</MaxNumber>
			</Enemy>
		</Wave>
		
		<Wave WaveNum = "4" Type = "Piranhas">
			<Enemy Type = "Stealth">
				<MinNumber>6</MinNumber>
				<MaxNumber>9</MaxNumber>
			</Enemy>
			<Enemy Type = "WhiteStealth">
				<MinSpeed>0.4</MinSpeed>
				<MaxSpeed>0.6</MaxSpeed>
				<MinNumber>3</MinNumber>
				<MaxNumber>6</MaxNumber>
			</Enemy>
			<Enemy Type = "Blue">
				<MinNumber>5</MinNumber>
				<MaxNumber>7</MaxNumber>
			</Enemy>
			<Enemy Type = "White">
				<MinSpeed>0.5</MinSpeed>
				<MaxSpeed>0.7</MaxSpeed>
				<MinNumber>6</MinNumber>
				<MaxNumber>9</MaxNumber>
			</Enemy>
		</Wave>
		
	</Level>
	
	
								<!-- LEVEL 15 -->
	<Level LevelNum = "15">
	
		<Wave WaveNum = "1" Type = "Piranhas">
			<Enemy Type = "Blue">
			<MinCol>		5	</MinCol> 
  			<MaxCol>		5	</MaxCol> 
				<MinNumber>20</MinNumber>
				<MaxNumber>20</MaxNumber>
			</Enemy>
		</Wave>
		
		<Wave WaveNum = "2" Type = "Sharks">
			<Enemy Type = "Red">
				<MinNumber>1</MinNumber>
				<MaxNumber>3</MaxNumber>
			</Enemy>
			<Enemy Type = "CrazyToxic">
				<MinSpeed>0.4</MinSpeed>
				<MaxSpeed>0.6</MaxSpeed>
				<MinNumber>2</MinNumber>
				<MaxNumber>3</MaxNumber>
			</Enemy>
		</Wave>
		
		<Wave WaveNum = "3" Type = "Piranhas">
			<Enemy Type = "Stealth">
				<MinNumber>6</MinNumber>
				<MaxNumber>7</MaxNumber>
			</Enemy>
		</Wave>
		
		<Wave WaveNum = "3" Type = "Sharks">
			<Enemy Type = "Purple">
				<MinNumber>2</MinNumber>
				<MaxNumber>4</MaxNumber>
			</Enemy>
			<Enemy Type = "BlackStealth">
				<MinSpeed>0.5</MinSpeed>
				<MaxSpeed>0.7</MaxSpeed>
				<MinNumber>2</MinNumber>
				<MaxNumber>4</MaxNumber>
			</Enemy>
		</Wave>
		
		<Wave WaveNum = "4" Type = "Piranhas">
			<Enemy Type = "WhiteStealth">
				<MinNumber>6</MinNumber>
				<MaxNumber>6</MaxNumber>
			</Enemy>
		</Wave>
		
		<Wave WaveNum = "5" Type = "Sharks">
			<Enemy Type = "Toxic">
				<MinNumber>3</MinNumber>
				<MaxNumber>6</MaxNumber>
			</Enemy>
		</Wave>
		
		<Wave WaveNum = "6" Type = "Piranhas">
			<Enemy Type = "WhiteStealth">
				<MinNumber>10</MinNumber>
				<MaxNumber>10</MaxNumber>
			</Enemy>
		</Wave>
	
	</Level>
	
	
								<!-- LEVEL 16 -->
	<Level LevelNum = "16">
	
		<Wave WaveNum = "1" Type = "Sharks">
			<Enemy Type = "RedStealth">
				<MinSpeed>0.4</MinSpeed>
				<MaxSpeed>0.6</MaxSpeed>
				<MinNumber>2</MinNumber>
				<MaxNumber>3</MaxNumber>
			</Enemy>
			<Enemy Type = "BlackStealth">
				<MinSpeed>0.3</MinSpeed>
				<MaxSpeed>0.5</MaxSpeed>
				<MinNumber>2</MinNumber>
				<MaxNumber>3</MaxNumber>
			</Enemy>
		</Wave>
		
		<Wave WaveNum = "2" Type = "Sharks">
			<Enemy Type = "CrazyToxic">
				<MinSpeed>0.3</MinSpeed>
				<Maxspeed>0.3</Maxspeed>
				<MinNumber>2</MinNumber>
				<MaxNumber>3</MaxNumber>
			</Enemy>
			<Enemy Type = "RedStealth">
				<MinSpeed>0.4</MinSpeed>
				<MaxSpeed>0.5</MaxSpeed>
				<MinNumber>2</MinNumber>
				<Maxnumber>3</Maxnumber>
			</Enemy>
			<Enemy Type = "Purple">
				<MinNumber>1</MinNumber>
				<MaxNumber>3</MaxNumber>
			</Enemy>
		</Wave>
		
		<Wave WaveNum = "3" Type = "Piranhas">
			<Enemy Type = "Blue">
				<MinNumber>1</MinNumber>
				<MaxNumber>1</MaxNumber>
			</Enemy>
		</Wave>
		
		<Wave WaveNum = "4" Type = "Sharks">
			<Enemy Type = "Black">
				<MinSpeed>0.5</MinSpeed>
				<MaxSpeed>0.7</MaxSpeed>
				<MinNumber>7</MinNumber>
				<MaxNumber>7</MaxNumber>
			</Enemy>
		</Wave>
		
		<Wave WaveNum = "5" Type = "Sharks">
			<Enemy Type = "RedStealth">
				<MinSpeed>0.4</MinSpeed>
				<MaxSpeed>0.5</MaxSpeed>
				<MinNumber>3</MinNumber>
				<MaxNumber>3</MaxNumber>
			</Enemy>
			<Enemy Type = "BlackStealth">
				<MinSpeed>0.4</MinSpeed>
				<MaxSpeed>0.6</MaxSpeed>
				<MinNumber>2</MinNumber>
				<MaxNumber>4</MaxNumber>
			</Enemy>
			<Enemy Type = "Stealth">
				<MinSpeed>0.5</MinSpeed>
				<MaxSpeed>0.7</MaxSpeed>
				<MinNumber>3</MinNumber>
				<MaxNumber>3</MaxNumber>
			</Enemy>
		</Wave>
	
	</Level>
 		
	
</Config>